id;code;designation;commentaire
1;Rubber;engineer override Handmade;National
2;Home Loan Account payment;Sao Tome and Principe;background Personal Loan Account
3;Holy See (Vatican City State);Concrete Kansas navigating;Auto Loan Account Wooden
4;model;optical sensor;leverage neural
5;Bedfordshire Dam Yemeni Rial;Rubber;Assurance
6;Saint Barthelemy;Saudi Riyal;FTP override
7;override Car;haptic;Practical Wooden Ball Benin Refined
8;turquoise;Jewelery Gibraltar Fall;software Integration optimize
9;initiatives lime application;Associate Beauty;efficient array
10;Kids;Keyboard Malaysian Ringgit virtual;mobile
