id;raison_sociale;adresse;email;telephone;piece_jointe;numero_registre_commerce;date;sigle;numero_identite_fiscale
1;Nakfa Usability back-end;magenta quantifying convergence;Lauriane.Johnson75@gmail.com;822.024.8009;Representative seamless transmitter;Hong Kong Home;2021-11-03T11:56:14;Bedfordshire;hack killer capacitor
2;payment Checking Account;Personal Loan Account;Jedediah_Hansen@gmail.com;011.975.9604 x3968;analyzer Branding;Incredible Checking Account;2021-11-04T02:45:38;redundant Sausages silver;Ecuador
3;Kids;Developer;Hassie7@gmail.com;(162) 602-2489 x6625;plum;initiatives engage Hat;2021-11-03T16:21:07;Self-enabling;harness Executive
4;Cotton static;SQL Avon mission-critical;Marcelle.Armstrong@yahoo.com;1-214-331-4587 x02544;synergies Bedfordshire;knowledge base Awesome;2021-11-04T00:47:20;human-resource;markets Steel
5;action-items payment Home Loan Account;payment Producer hard drive;Hardy69@gmail.com;818.068.9380 x37785;Awesome Granite Computer Knolls;Pants Ergonomic Soft Cheese Fresh;2021-11-03T16:07:19;instruction set navigating interface;grow Associate
6;solutions disintermediate invoice;Licensed implement system engine;Vergie_Reichert66@hotmail.com;516.171.2416;24/365;hacking Granite Auto Loan Account;2021-11-04T11:19:43;Frozen Consultant;Fantastic generating
7;Square lavender;modular;Cordia.Herman26@yahoo.com;1-252-951-2556 x58262;Global compress;Car;2021-11-03T15:31:20;Kenyan Shilling Handmade Concrete Car web-enabled;exploit
8;reboot transparent Kids;generate withdrawal;Keshawn38@gmail.com;483.089.4350;Practical;Operative Granite;2021-11-04T08:29:02;knowledge user;back up port cross-platform
9;Canyon;Mill XML;Eliezer_Champlin@hotmail.com;1-104-964-9707 x4636;Cheese approach;Investment Account service-desk Oklahoma;2021-11-04T06:48:23;Plain indexing Senior;deposit empower yellow
10;Fish Berkshire Applications;Portugal Burundi Franc;Wilmer24@hotmail.com;1-877-039-5432;Handcrafted Concrete Mouse mindshare transmit;RAM Handcrafted Associate;2021-11-04T07:40:49;connect Uganda Shilling;Fords Enterprise-wide
