id;libelle;code;description
1;haptic;technologies;driver
2;Unbranded Plastic Hat indexing 1080p;impactful;quantifying Hawaii calculate
3;Salad;Tuna Metrics;syndicate
4;Mongolia;recontextualize;local backing up
5;e-services;Health;Borders Cordoba Oro
6;payment;Cambridgeshire parsing;infomediaries compressing Dobra
7;Fresh;synergies adapter;Maine
8;Advanced Facilitator Ergonomic Steel Tuna;Soft Buckinghamshire;Rubber Investment Account
9;experiences Bedfordshire Engineer;users Guinea Franc;transition navigate copying
10;International Analyst Arizona;European Unit of Account 17(E.U.A.-17) Forward;Graphic Interface Alabama Refined
