id;prenom;nom;email;telephone;fonction;commentaires
1;Technician turquoise;Towels;Adan_Thiel37@gmail.com;37307;proactive;Knolls
2;Bedfordshire Solutions schemas;Cape Verde SMTP;Golda_Olson69@yahoo.com;65912;hacking Bahraini Dinar;Computers open-source
3;mission-critical Borders Advanced;invoice connecting;Cristobal_Armstrong@gmail.com;88251;Mississippi;compressing
4;array National Strategist;copying;Arnulfo.Glover@gmail.com;78669;Trafficway system Automated;Practical Wooden Ball Nicaragua hard drive
5;transmitter fuchsia panel;Associate Communications challenge;Mathew.Purdy52@yahoo.com;82582;Officer;SCSI maximized
6;Refined Chief reboot;plum Practical Wooden Fish payment;Madisen_Brakus@yahoo.com;1995;Groves;Minnesota communities Pizza
7;interface Granite;Grocery Handmade;Maximus80@hotmail.com;85548;Credit Card Account;azure
8;calculate reinvent;Kenya panel metrics;Merle_Emmerich43@gmail.com;72230;gold Sausages;HDD Producer 3rd generation
9;withdrawal Sleek Home;multimedia;Stefan_DuBuque55@yahoo.com;11377;lime Chicken;optimizing Handmade hack
10;Loop;Borders Clothing Up-sized;Alda_Nikolaus@yahoo.com;4353;Frozen Baby plum;function portal frame
