id;ordre;denomination;responsable;adresse;telephone;fax;email;sigle;urlsiteweb;approbation;logo;logo_content_type;type_autorite_contractante_id
1;23885;Savings Account mindshare transmitting;Functionality Won;streamline;1-805-140-2942 x556;Mauritius Rupee;Kaylah_Kuhlman66@hotmail.com;application IB;orange open-source;functionalities;../fake-data/blob/hipster.png;image/png;1
2;46014;Bedfordshire;Producer;incentivize;(089) 482-2310;Spurs;Sedrick_Tromp1@gmail.com;Baby Plastic;tan payment Interactions;1080p;../fake-data/blob/hipster.png;image/png;2
3;64048;success New Mexico;synthesize Sleek Soft Pizza infrastructures;Toys;(998) 191-8221 x59321;indigo;Conor_Frami35@gmail.com;Rustic Turkey;invoice;Intelligent;../fake-data/blob/hipster.png;image/png;3
4;64858;parsing copy;Path modular scalable;Kentucky;191.741.3640;matrix;Scottie_Balistreri85@gmail.com;Tasty Rubber Computer Nebraska static;Incredible Granite Mouse Granite;Future Awesome Rubber Keyboard;../fake-data/blob/hipster.png;image/png;4
5;21820;grey TCP;capacitor integrated;payment Fantastic Frozen Chips hack;699-057-1155;RAM RSS;Ottilie_Tremblay22@yahoo.com;Mississippi;Coordinator Wooden District;Plastic;../fake-data/blob/hipster.png;image/png;5
6;85910;Mayotte input JBOD;system Intelligent;program orchestration;582.601.3758;Personal Loan Account Lead;Kristy.Goyette35@yahoo.com;Alaska Metal;Cotton next-generation;solutions Azerbaijanian Manat deposit;../fake-data/blob/hipster.png;image/png;6
7;60255;dynamic e-business;neural-net;payment Specialist;359.638.6561 x321;Forge Senior mesh;Lorenza94@gmail.com;invoice;Money Market Account sticky global;salmon compress;../fake-data/blob/hipster.png;image/png;7
8;21579;Automated harness;Division European Monetary Unit (E.M.U.-6);User-friendly;635.380.4628;Infrastructure supply-chains;Kara68@gmail.com;primary Credit Card Account Clothing;synthesizing Home;Orchestrator yellow;../fake-data/blob/hipster.png;image/png;8
9;68314;Metal;JSON;Music deposit;(172) 790-9579;Chair Brook Berkshire;Joyce.Fahey28@yahoo.com;Ergonomic monitoring;Wisconsin Chair;HDD Money Market Account;../fake-data/blob/hipster.png;image/png;9
10;1914;Manager New Leu Circle;infrastructures;Rand context-sensitive;824-409-9205 x0785;North Dakota;Winnifred_Emmerich@yahoo.com;Handcrafted Plastic Salad;calculating Facilitator yellow;payment;../fake-data/blob/hipster.png;image/png;10
