id;code;libelle;description
1;mobile Optimized;card;markets Reverse-engineered
2;Divide;Chief;Investment Account Auto Loan Account Tuvalu
3;Serbia Wooden;Granite;Tasty
4;Savings Account tan;Nevada;New Mexico open architecture
5;monitor Granite Computer;Costa Rican Colon Home Loan Account plum;solutions Incredible Plastic Keyboard
6;Sleek Steel Ball Soft;Associate;utilize Applications
7;orange;Unbranded Fresh Ball Consultant index;Paradigm
8;strategic bottom-line;Direct;Soft
9;Moldovan Leu;Usability Rustic Frozen Cheese;hard drive Public-key withdrawal
10;Right-sized Awesome Metal Gloves transmitter;enterprise Credit Card Account;transmitting
